kid,chunks,err,tot,miss,geno,phaserate,genorate
1,5,657,7489,0,263,0.087728668714114,0.0351181733208706
2,5,1541,7489,0,190,0.205768460408599,0.0253705434637468
3,5,2463,7489,0,185,0.328882360795834,0.0247028975831219
4,5,190,7489,0,77,0.0253705434637468,0.0102817465616237
5,5,251,7489,0,162,0.0335158232073708,0.0216317265322473
6,5,886,7489,0,782,0.118306850046735,0.104419815729737
7,5,2352,7489,0,64,0.314060622245961,0.00854586727199893
8,5,379,7489,0,238,0.0506075577513687,0.031779943917746
9,5,408,7489,0,333,0.0544799038589932,0.0444652156496194
10,5,162,7489,0,53,0.0216317265322473,0.00707704633462412
1,4,1095,7391,0,985,0.148153159247734,0.133270193478555
2,4,885,7391,0,743,0.119740224597483,0.100527668786362
3,4,150,7391,0,0,0.0202949533216074,0
4,4,258,7391,0,131,0.0349073197131647,0.0177242592342038
5,4,187,7391,0,57,0.0253010418076038,0.0077120822622108
6,4,363,7391,0,224,0.0491137870382898,0.0303071302936003
7,4,345,7391,0,231,0.0466783926396969,0.0312542281152753
8,4,150,7391,0,0,0.0202949533216074,0
9,4,532,7391,0,464,0.0719794344473008,0.0627790556081721
10,4,570,7391,0,460,0.077120822622108,0.0622378568529292
1,1,343,7515,0,261,0.0456420492348636,0.0347305389221557
2,1,1593,7515,0,287,0.211976047904192,0.0381902860944777
3,1,2300,7515,0,513,0.306054557551564,0.0682634730538922
4,1,1526,7515,0,310,0.203060545575516,0.0412508316699933
5,1,1137,7515,0,163,0.151297405189621,0.0216899534264804
6,1,284,7515,0,262,0.0377910844976713,0.0348636061210911
7,1,1090,7515,0,5,0.145043246839654,0.000665335994677312
8,1,1660,7515,0,119,0.220891550232868,0.01583499667332
9,1,1854,7515,0,251,0.246706586826347,0.0333998669328011
10,1,331,7515,0,82,0.0440452428476381,0.0109115103127079
1,4,156,7264,0,25,0.0214757709251101,0.00344162995594714
2,4,1981,7264,0,434,0.272714757709251,0.0597466960352423
3,4,536,7264,0,143,0.0737885462555066,0.0196861233480176
4,4,138,7264,0,26,0.0189977973568282,0.00357929515418502
5,4,281,7264,0,148,0.0386839207048458,0.020374449339207
6,4,549,7264,0,452,0.0755781938325991,0.0622246696035242
7,4,2907,7264,0,122,0.400192731277533,0.016795154185022
8,4,839,7264,0,130,0.115501101321586,0.0178964757709251
9,4,1635,7264,0,145,0.225082599118943,0.0199614537444934
10,4,139,7264,0,8,0.0191354625550661,0.00110132158590308
1,1,425,7702,0,414,0.0551804726045183,0.0537522721371072
2,1,47,7702,0,31,0.00610231108802908,0.00402492858997663
3,1,130,7702,0,119,0.0168787327966762,0.0154505323292651
4,1,199,7702,0,185,0.0258374448195274,0.0240197351337315
5,1,45,7702,0,37,0.00584263827577253,0.0048039470267463
6,1,202,7702,0,192,0.0262269540379122,0.0249285899766294
7,1,24,7702,0,12,0.00311607374707868,0.00155803687353934
8,1,150,7702,0,139,0.0194754609192418,0.0180472604518307
9,1,164,7702,0,157,0.0212931706050377,0.0203843157621397
10,1,135,7702,0,126,0.0175279148273176,0.0163593871721631
1,26,939,6889,0,807,0.136304253157207,0.117143271882712
2,26,328,6889,0,42,0.0476121352881405,0.00609667586006677
3,26,672,6889,0,473,0.0975468137610684,0.0686601829002758
4,26,388,6889,0,120,0.056321672231093,0.0174190738859051
5,26,328,6889,0,21,0.0476121352881405,0.00304833793003339
6,26,676,6889,0,415,0.0981274495572652,0.0602409638554217
7,26,717,6889,0,517,0.104078966468283,0.075047176658441
8,26,348,6889,0,73,0.0505153142691247,0.0105966032805922
9,26,1318,6889,0,14,0.191319494846857,0.00203222528668892
10,26,932,6889,0,718,0.135288140513863,0.104224125417332
1,6,326,7347,0,230,0.0443718524567851,0.0313052946780999
2,6,207,7347,0,84,0.0281747652102899,0.0114332380563495
3,6,239,7347,0,117,0.0325302844698516,0.0159248672927726
4,6,990,7347,0,886,0.134748877092691,0.120593439499115
5,6,173,7347,0,119,0.0235470259970056,0.0161970872464952
6,6,1785,7347,0,6,0.242956308697428,0.000816659861167824
7,6,126,7347,0,0,0.0171498570845243,0
8,6,132,7347,0,48,0.0179665169456921,0.00653327888934259
9,6,1718,7347,0,322,0.23383694024772,0.0438274125493399
10,6,649,7347,0,532,0.0883353749829863,0.0724105076902137
1,24,501,6686,0,167,0.0749326951839665,0.0249775650613222
2,24,494,6686,0,191,0.0738857313790009,0.0285671552497757
3,24,589,6686,0,278,0.0880945258749626,0.0415794196829195
4,24,1085,6686,0,1029,0.162279389769668,0.153903679329943
5,24,396,6686,0,32,0.0592282381094825,0.00478612025127131
6,24,1586,6686,0,237,0.237212084953634,0.0354472031109782
7,24,1062,6686,0,608,0.158839365839067,0.090936284774155
8,24,386,6686,0,32,0.0577325755309602,0.00478612025127131
9,24,423,6686,0,112,0.0632665270714927,0.0167514208794496
10,24,488,6686,0,141,0.0729883338318875,0.0210888423571642
1,1,188,7585,0,163,0.0247857613711272,0.0214897824653922
2,1,583,7585,0,243,0.0768622280817403,0.0320369149637442
3,1,61,7585,0,40,0.00804218852999341,0.005273566249176
4,1,5210,7585,0,35,0.686882003955175,0.004614370468029
5,1,2042,7585,0,138,0.269215557020435,0.0181938035596572
6,1,141,7585,0,122,0.0185893210283454,0.0160843770599868
7,1,4609,7585,0,116,0.607646671061305,0.0152933421226104
8,1,385,7585,0,367,0.0507580751483191,0.0483849703361898
9,1,1821,7585,0,810,0.240079103493738,0.106789716545814
10,1,2937,7585,0,390,0.387211601845748,0.0514172709294661
1,3,139,7461,0,98,0.0186302104275566,0.0131349685028817
2,3,319,7461,0,299,0.0427556627797882,0.0400750569628736
3,3,199,7461,0,172,0.0266720278783005,0.0230532100254658
4,3,53,7461,0,12,0.00710360541482375,0.00160836349014877
5,3,1054,7461,0,278,0.141267926551401,0.0372604208551133
6,3,2270,7461,0,66,0.30424876021981,0.00884599919581825
7,3,135,7461,0,83,0.0180940892641737,0.0111245141401957
8,3,137,7461,0,105,0.0183621498458652,0.0140731805388018
9,3,52,7461,0,9,0.00696957512397802,0.00120627261761158
10,3,544,7461,0,291,0.0729124782200777,0.0390028146361078
1,1,237,7639,0,205,0.0310250032726797,0.0268359732949339
2,1,184,7639,0,157,0.0240869223720382,0.0205524283283152
3,1,1514,7639,0,292,0.198193480822097,0.0382248985469302
4,1,198,7639,0,166,0.025919622987302,0.0217305930095562
5,1,4182,7639,0,1130,0.547453855216651,0.147925121089148
6,1,163,7639,0,132,0.0213378714491426,0.0172797486582013
7,1,1050,7639,0,479,0.137452546144783,0.0627045424793821
8,1,40,7639,0,16,0.00523628747218222,0.00209451498887289
9,1,2216,7639,0,541,0.290090325958895,0.0708207880612646
10,1,1056,7639,0,175,0.138237989265611,0.0229087576907972
1,18,327,7234,0,148,0.0452032070776887,0.0204589438761404
2,18,446,7234,0,256,0.0616533038429638,0.0353884434614321
3,18,1242,7234,0,1002,0.171689245230854,0.138512579485762
4,18,1347,7234,0,291,0.186204036494332,0.0402267072159248
5,18,1556,7234,0,65,0.215095382914017,0.00898534697262925
6,18,531,7234,0,330,0.0734033729610174,0.0456179153995023
7,18,330,7234,0,98,0.0456179153995023,0.0135471385125795
8,18,271,7234,0,140,0.0374619850705004,0.0193530550179707
9,18,263,7234,0,96,0.0363560962123307,0.013270666298037
10,18,315,7234,0,80,0.0435443737904341,0.0110588885816975
1,9,695,7335,0,110,0.0947511929107021,0.0149965916837082
2,9,1054,7335,0,573,0.143694614860259,0.078118609406953
3,9,3593,7335,0,55,0.489843217450579,0.00749829584185412
4,9,1499,7335,0,547,0.204362644853442,0.074573960463531
5,9,2023,7335,0,19,0.275800954328562,0.00259032038173142
6,9,388,7335,0,100,0.0528970688479891,0.0136332651670075
7,9,861,7335,0,183,0.117382413087935,0.0249488752556237
8,9,335,7335,0,33,0.0456714383094751,0.00449897750511247
9,9,389,7335,0,333,0.0530334014996592,0.045398773006135
10,9,624,7335,0,361,0.0850715746421268,0.0492160872528971
1,1,244,7835,0,227,0.0311423101467773,0.0289725590299936
2,1,91,7835,0,75,0.0116145500957243,0.00957243139757498
3,1,36,7835,0,20,0.00459476707083599,0.00255264837268666
4,1,3341,7835,0,352,0.426419910657307,0.0449266113592853
5,1,227,7835,0,198,0.0289725590299936,0.025271218889598
6,1,164,7835,0,135,0.0209317166560306,0.017230376515635
7,1,109,7835,0,82,0.0139119336311423,0.0104658583280153
8,1,827,7835,0,105,0.105552010210593,0.013401403956605
9,1,50,7835,0,28,0.00638162093171666,0.00357370772176133
10,1,153,7835,0,135,0.019527760051053,0.017230376515635
1,2,143,7525,0,107,0.0190033222591362,0.01421926910299
2,2,64,7525,0,32,0.00850498338870432,0.00425249169435216
3,2,115,7525,0,70,0.0152823920265781,0.00930232558139535
4,2,67,7525,0,14,0.00890365448504983,0.00186046511627907
5,2,107,7525,0,63,0.01421926910299,0.00837209302325581
6,2,4397,7525,0,473,0.584318936877076,0.0628571428571429
7,2,240,7525,0,30,0.0318936877076412,0.00398671096345515
8,2,190,7525,0,142,0.0252491694352159,0.0188704318936877
9,2,2283,7525,0,382,0.303388704318937,0.0507641196013289
10,2,101,7525,0,65,0.013421926910299,0.00863787375415282
1,3,386,7517,0,324,0.0513502727151789,0.0431023014500466
2,3,312,7517,0,275,0.0415059199148596,0.0365837435147
3,3,224,7517,0,155,0.0297991219901556,0.0206199281628309
4,3,77,7517,0,39,0.010243448184116,0.00518823998935746
5,3,77,7517,0,1,0.010243448184116,0.000133031794598909
6,3,77,7517,0,4,0.010243448184116,0.000532127178395637
7,3,273,7517,0,218,0.0363176799255022,0.0290009312225622
8,3,127,7517,0,20,0.0168950379140615,0.00266063589197818
9,3,94,7517,0,24,0.0125049886922975,0.00319276307037382
10,3,814,7517,0,764,0.108287880803512,0.101636291073567
1,15,996,7249,0,882,0.137398261829218,0.12167195475238
2,15,176,7249,0,20,0.0242792109256449,0.00275900124155056
3,15,251,7249,0,111,0.0346254655814595,0.0153124568906056
4,15,777,7249,0,102,0.107187198234239,0.0140709063319078
5,15,2737,7249,0,458,0.377569319906194,0.0631811284315078
6,15,451,7249,0,341,0.0622154779969651,0.047040971168437
7,15,1342,7249,0,155,0.185128983308042,0.0213822596220168
8,15,263,7249,0,152,0.0362808663263898,0.0209684094357842
9,15,355,7249,0,163,0.0489722720375224,0.0224858601186371
10,15,304,7249,0,179,0.0419368188715685,0.0246930611118775
1,3,234,7649,0,199,0.0305922342789907,0.0260164727415348
2,3,257,7649,0,238,0.0335991632893189,0.0311151784547
3,3,72,7649,0,41,0.00941299516276638,0.00536017780101974
4,3,55,7649,0,36,0.00719048241600209,0.00470649758138319
5,3,205,7649,0,29,0.0268008890050987,0.00379134527389201
6,3,861,7649,0,819,0.112563733821415,0.107072819976468
7,3,1482,7649,0,1012,0.193750817100275,0.132304876454439
8,3,111,7649,0,91,0.0145117008759315,0.0118969799973853
9,3,260,7649,0,228,0.0339913714211008,0.0298078180154269
10,3,116,7649,0,85,0.015165381095568,0.0111125637338214
1,1,152,7373,0,123,0.0206157602061576,0.0166824901668249
2,1,3745,7373,0,402,0.507934355079344,0.0545232605452326
3,1,885,7373,0,847,0.120032551200326,0.114878611148786
4,1,4131,7373,0,462,0.560287535602875,0.0626610606266106
5,1,1501,7373,0,662,0.203580632035806,0.0897870608978706
6,1,4795,7373,0,213,0.650345856503459,0.0288891902888919
7,1,173,7373,0,141,0.0234639902346399,0.0191238301912383
8,1,3290,7373,0,125,0.446222704462227,0.0169537501695375
9,1,162,7373,0,131,0.0219720602197206,0.0177675301776753
10,1,182,7373,0,134,0.0246846602468466,0.0181744201817442
1,1,1137,7671,0,120,0.148220570981619,0.0156433320297223
2,1,227,7671,0,167,0.0295919697562247,0.0217703037413636
3,1,4632,7671,0,31,0.603832616347282,0.00404119410767827
4,1,645,7671,0,70,0.0840829096597575,0.00912527701733803
5,1,832,7671,0,262,0.108460435406075,0.0341546082648938
6,1,847,7671,0,795,0.11041585190979,0.10363707469691
7,1,219,7671,0,176,0.0285490809542433,0.0229435536435928
8,1,253,7671,0,206,0.0329813583626646,0.0268543866510233
9,1,807,7671,0,737,0.105201407899883,0.0960761308825446
10,1,258,7671,0,201,0.033633163863903,0.0262025811497849
1,7,336,7157,0,219,0.0469470448511946,0.0305994131619394
2,7,374,7157,0,247,0.0522565320665083,0.0345116668995389
3,7,420,7157,0,282,0.0586838060639933,0.0394019840715384
4,7,862,7157,0,534,0.120441525778958,0.0746122677099343
5,7,441,7157,0,326,0.061617996367193,0.0455498113734805
6,7,1903,7157,0,898,0.265893530808998,0.125471566298729
7,7,226,7157,0,99,0.0315774765963392,0.0138326114293698
8,7,580,7157,0,483,0.0810395417074193,0.0674863769735923
9,7,2067,7157,0,498,0.28880815984351,0.0695822271901635
10,7,1399,7157,0,135,0.195472963532206,0.0188626519491407
1,1,375,7528,0,334,0.0498140276301807,0.0443676939426142
2,1,2646,7528,0,60,0.351487778958555,0.00797024442082891
3,1,192,7528,0,133,0.0255047821466525,0.0176673751328374
4,1,104,7528,0,57,0.0138150903294368,0.00757173219978746
5,1,2277,7528,0,17,0.302470775770457,0.00225823591923486
6,1,490,7528,0,428,0.0650903294367694,0.0568544102019129
7,1,2057,7528,0,74,0.273246546227418,0.00982996811902232
8,1,205,7528,0,127,0.0272316684378321,0.0168703506907545
9,1,178,7528,0,131,0.0236450584484591,0.0174017003188098
10,1,90,7528,0,18,0.0119553666312434,0.00239107332624867
1,1,2111,7537,0,1072,0.280084914422184,0.14223165715802
2,1,1177,7537,0,91,0.156162929547565,0.0120737694042723
3,1,85,7537,0,48,0.0112776966962983,0.00636858166379196
4,1,119,7537,0,99,0.0157887753748176,0.0131351996815709
5,1,2595,7537,0,34,0.344301446198753,0.0045110786785193
6,1,1353,7537,0,29,0.179514395648136,0.00384768475520764
7,1,46,7537,0,26,0.0061032240944673,0.00344964840122064
8,1,2811,7537,0,12,0.372960063685817,0.00159214541594799
9,1,40,7537,0,0,0.0053071513864933,0
10,1,755,7537,0,723,0.100172482420061,0.0959267613108664
1,13,458,7100,0,316,0.0645070422535211,0.0445070422535211
2,13,570,7100,0,325,0.0802816901408451,0.0457746478873239
3,13,232,7100,0,64,0.0326760563380282,0.00901408450704225
4,13,2606,7100,0,1108,0.367042253521127,0.156056338028169
5,13,178,7100,0,0,0.0250704225352113,0
6,13,335,7100,0,234,0.0471830985915493,0.0329577464788732
7,13,262,7100,0,168,0.0369014084507042,0.0236619718309859
8,13,2292,7100,0,66,0.322816901408451,0.00929577464788732
9,13,1529,7100,0,141,0.215352112676056,0.0198591549295775
10,13,1130,7100,0,229,0.159154929577465,0.0322535211267606
1,1,147,7425,0,101,0.0197979797979798,0.0136026936026936
2,1,58,7425,0,10,0.00781144781144781,0.00134680134680135
3,1,267,7425,0,227,0.035959595959596,0.0305723905723906
4,1,737,7425,0,328,0.0992592592592593,0.0441750841750842
5,1,177,7425,0,135,0.0238383838383838,0.0181818181818182
6,1,90,7425,0,61,0.0121212121212121,0.00821548821548822
7,1,1673,7425,0,100,0.225319865319865,0.0134680134680135
8,1,1401,7425,0,1356,0.188686868686869,0.182626262626263
9,1,3656,7425,0,772,0.492390572390572,0.103973063973064
10,1,174,7425,0,129,0.0234343434343434,0.0173737373737374
1,3,336,7584,0,302,0.0443037974683544,0.0398206751054852
2,3,2796,7584,0,828,0.368670886075949,0.109177215189873
3,3,156,7584,0,82,0.0205696202531646,0.0108122362869198
4,3,76,7584,0,0,0.0100210970464135,0
5,3,2054,7584,0,91,0.270833333333333,0.0119989451476793
6,3,1645,7584,0,847,0.216904008438819,0.111682489451477
7,3,1057,7584,0,223,0.139372362869198,0.0294040084388186
8,3,86,7584,0,45,0.0113396624472574,0.00593354430379747
9,3,76,7584,0,24,0.0100210970464135,0.00316455696202532
10,3,157,7584,0,82,0.0207014767932489,0.0108122362869198
1,42,2307,6819,0,210,0.338319401671799,0.0307963044434668
2,42,913,6819,0,127,0.133890599794691,0.0186244317348585
3,42,1205,6819,0,376,0.176712127877988,0.0551400498606834
4,42,843,6819,0,557,0.123625164980202,0.0816835313095762
5,42,1986,6819,0,606,0.291245050593929,0.0888693356797184
6,42,622,6819,0,209,0.0912157207801731,0.0306496553746884
7,42,1485,6819,0,229,0.217773867135944,0.0335826367502566
8,42,996,6819,0,303,0.1460624725033,0.0444346678398592
9,42,1244,6819,0,984,0.182431441560346,0.144302683677959
10,42,945,6819,0,133,0.138583369995601,0.019504326147529
1,3,72,7561,0,10,0.0095225499272583,0.00132257637878587
2,3,325,7561,0,268,0.0429837323105409,0.0354450469514614
3,3,2418,7561,0,608,0.319798968390425,0.0804126438301812
4,3,151,7561,0,115,0.0199709033196667,0.0152096283560376
5,3,2536,7561,0,390,0.335405369660098,0.0515804787726491
6,3,1134,7561,0,1083,0.149980161354318,0.14323502182251
7,3,310,7561,0,251,0.0409998677423621,0.0331966671075255
8,3,1405,7561,0,1137,0.185821981219415,0.150376934267954
9,3,1345,7561,0,320,0.1778865229467,0.042322444121148
10,3,1439,7561,0,217,0.190318740907287,0.0286999074196535
1,1,168,7664,0,143,0.0219206680584551,0.0186586638830898
2,1,1036,7664,0,683,0.13517745302714,0.0891179540709812
3,1,1613,7664,0,86,0.210464509394572,0.0112212943632568
4,1,774,7664,0,388,0.100991649269311,0.0506263048016701
5,1,208,7664,0,188,0.0271398747390397,0.0245302713987474
6,1,323,7664,0,261,0.0421450939457203,0.0340553235908142
7,1,297,7664,0,282,0.0387526096033403,0.0367954070981211
8,1,59,7664,0,44,0.00769832985386221,0.00574112734864301
9,1,1601,7664,0,90,0.208898747390397,0.0117432150313152
10,1,1136,7664,0,142,0.148225469728601,0.0185281837160752
1,21,1613,7122,0,394,0.226481325470374,0.0553215388935692
2,21,1291,7122,0,454,0.181269306374614,0.0637461387250772
3,21,314,7122,0,167,0.0440887391182252,0.0234484695310306
4,21,278,7122,0,24,0.0390339792193204,0.0033698399326032
5,21,393,7122,0,175,0.0551811288963774,0.024571749508565
6,21,521,7122,0,299,0.0731536085369278,0.0419825891603482
7,21,596,7122,0,378,0.0836843583263128,0.0530749789385004
8,21,641,7122,0,218,0.0900028081999438,0.0306093793878124
9,21,266,7122,0,25,0.0373490592530188,0.003510249929795
10,21,458,7122,0,274,0.0643077787138444,0.0384723392305532
1,14,303,6955,0,59,0.0435657800143781,0.00848310567936736
2,14,316,6955,0,61,0.0454349388928828,0.0087706685837527
3,14,501,6955,0,327,0.0720345075485262,0.0470165348670022
4,14,287,6955,0,25,0.0412652767792955,0.00359453630481668
5,14,1910,6955,0,409,0.274622573687994,0.0588066139468009
6,14,787,6955,0,251,0.113156002875629,0.0360891445003595
7,14,2502,6955,0,976,0.359741193386053,0.140330697340043
8,14,306,6955,0,51,0.0439971243709561,0.00733285406182602
9,14,311,6955,0,111,0.0447160316319195,0.0159597411933861
10,14,705,6955,0,566,0.10136592379583,0.0813803019410496
1,33,755,6962,0,668,0.108445848893996,0.0959494398161448
2,33,490,6962,0,165,0.0703820741166332,0.0237000861821316
3,33,352,6962,0,37,0.050560183855214,0.00531456478023556
4,33,465,6962,0,204,0.0667911519678253,0.0293019247342718
5,33,1288,6962,0,1027,0.185004309106579,0.147515081873025
6,33,3001,6962,0,472,0.43105429474289,0.0677966101694915
7,33,418,6962,0,156,0.0600402183280666,0.0224073542085608
8,33,381,6962,0,130,0.0547256535478311,0.0186727951738006
9,33,434,6962,0,160,0.0623384085033036,0.02298190175237
10,33,1322,6962,0,228,0.189887963228957,0.0327492099971273
1,1,772,7506,0,44,0.10285105249134,0.00586197708499867
2,1,54,7506,0,16,0.00719424460431655,0.00213162803090861
3,1,4634,7506,0,21,0.617372768451905,0.00279776179056755
4,1,2846,7506,0,189,0.379163335997868,0.0251798561151079
5,1,381,7506,0,352,0.0507593924860112,0.0468958166799893
6,1,1300,7506,0,396,0.173194777511324,0.052757793764988
7,1,959,7506,0,934,0.127764455102585,0.12443378630429
8,1,53,7506,0,3,0.00706101785238476,0.000399680255795364
9,1,52,7506,0,17,0.00692779110045297,0.00226485478284039
10,1,1670,7506,0,382,0.222488675726086,0.050892619237943
1,1,1159,7533,0,293,0.153856365325899,0.0388955263507235
2,1,3537,7533,0,933,0.469534050179211,0.123855037833532
3,1,1312,7533,0,181,0.174166998539758,0.0240276118412319
4,1,285,7533,0,233,0.0378335324571884,0.0309305721492101
5,1,210,7533,0,166,0.0278773397052967,0.0220363732908536
6,1,525,7533,0,478,0.0696933492632417,0.063454135138723
7,1,3842,7533,0,1185,0.510022567370238,0.157307845479888
8,1,70,7533,0,0,0.00929244656843223,0
9,1,1867,7533,0,100,0.247842824903757,0.0132749236691889
10,1,187,7533,0,134,0.0248241072613832,0.0177883977167131
1,2,83,7502,0,18,0.0110637163423087,0.00239936017062117
2,2,70,7502,0,0,0.00933084510797121,0
3,2,134,7502,0,96,0.017861903492402,0.0127965875766462
4,2,2026,7502,0,603,0.270061316982138,0.0803785657158091
5,2,496,7502,0,430,0.0661157024793388,0.0573180485203946
6,2,745,7502,0,714,0.099306851506265,0.0951746201013063
7,2,1083,7502,0,192,0.14436150359904,0.0255931751532925
8,2,119,7502,0,57,0.0158624366835511,0.0075979738736337
9,2,793,7502,0,733,0.105705145294588,0.0977072780591842
10,2,213,7502,0,148,0.0283924286856838,0.0197280725139963
1,3,215,7369,0,178,0.0291762790066495,0.02415524494504
2,3,172,7369,0,111,0.0233410232053196,0.0150631021848283
3,3,3252,7369,0,173,0.441308182928484,0.0234767268286063
4,3,104,7369,0,43,0.0141131768218211,0.0058352558013299
5,3,82,7369,0,20,0.0111276971095128,0.00271407246573483
6,3,148,7369,0,104,0.0200841362464378,0.0141131768218211
7,3,74,7369,0,0,0.0100420681232189,0
8,3,4221,7369,0,222,0.572804993893337,0.0301262043696567
9,3,101,7369,0,42,0.0137060659519609,0.00569955217804315
10,3,89,7369,0,37,0.01207762247252,0.00502103406160944
1,7,2354,7337,0,477,0.320839580209895,0.0650129480714188
2,7,125,7337,0,38,0.0170369360774158,0.00517922856753441
3,7,3053,7337,0,266,0.416110126754804,0.0362545999727409
4,7,290,7337,0,190,0.0395256916996047,0.0258961428376721
5,7,554,7337,0,458,0.075507700695107,0.0624233337876516
6,7,122,7337,0,0,0.0166280496115579,0
7,7,604,7337,0,497,0.0823224751260733,0.0677388578438054
8,7,144,7337,0,31,0.019626550361183,0.00422516014719913
9,7,696,7337,0,442,0.0948616600790514,0.0602426059697424
10,7,265,7337,0,212,0.0361183044841216,0.0288946435872973
1,70,746,6012,0,136,0.124085163007319,0.0226214238190286
2,70,682,6012,0,87,0.113439787092482,0.0144710578842315
3,70,814,6012,0,192,0.135395874916833,0.031936127744511
4,70,1504,6012,0,406,0.250166333998669,0.0675316034597472
5,70,917,6012,0,572,0.152528276779774,0.0951430472388556
6,70,1214,6012,0,447,0.201929474384564,0.0743512974051896
7,70,750,6012,0,115,0.124750499001996,0.0191284098469727
8,70,1105,6012,0,615,0.183799068529607,0.102295409181637
9,70,916,6012,0,446,0.152361942781104,0.0741849634065203
10,70,985,6012,0,667,0.163838988689288,0.110944777112442
1,13,459,7165,0,302,0.0640614096301465,0.0421493370551291
2,13,360,7165,0,58,0.0502442428471738,0.00809490579204466
3,13,571,7165,0,522,0.0796929518492673,0.0728541521284019
4,13,170,7165,0,10,0.0237264480111654,0.00139567341242149
5,13,679,7165,0,205,0.0947662247034194,0.0286113049546406
6,13,782,7165,0,447,0.109141660851361,0.0623866015352408
7,13,301,7165,0,151,0.042009769713887,0.0210746685275645
8,13,243,7165,0,94,0.0339148639218423,0.013119330076762
9,13,1476,7165,0,1121,0.206001395673412,0.156454989532449
10,13,601,7165,0,446,0.0838799720865318,0.0622470341939986
1,1,506,7643,0,240,0.0662043700117755,0.0314012822190239
2,1,97,7643,0,53,0.0126913515635222,0.00693444982336779
3,1,1162,7643,0,23,0.152034541410441,0.00300928954598979
4,1,227,7643,0,198,0.0297003794321601,0.0259060578306948
5,1,679,7643,0,216,0.0888394609446552,0.0282611539971215
6,1,90,7643,0,63,0.011775480832134,0.00824283658249379
7,1,737,7643,0,66,0.096428104147586,0.00863535261023158
8,1,534,7643,0,186,0.0698678529373283,0.0243359937197436
9,1,3253,7643,0,154,0.425618212743687,0.0201491560905404
10,1,366,7643,0,337,0.0478869553840115,0.0440926337825461
1,16,1685,7366,0,360,0.228753733369536,0.0488732011946783
2,16,1139,7366,0,502,0.154629378224274,0.0681509638881347
3,16,296,7366,0,172,0.0401846320934021,0.0233505294596796
4,16,3301,7366,0,428,0.448140103176758,0.0581048058647841
5,16,296,7366,0,23,0.0401846320934021,0.00312245452077111
6,16,1955,7366,0,229,0.265408634265544,0.0310887863155037
7,16,971,7366,0,546,0.131821884333424,0.074124355145262
8,16,917,7366,0,559,0.124490904154222,0.0758892207439587
9,16,1551,7366,0,283,0.210562041813739,0.0384197664947054
10,16,560,7366,0,482,0.0760249796361662,0.0654357860439859
1,10,2275,7391,0,1506,0.307806792044378,0.203761331348938
2,10,1079,7391,0,319,0.145988364226762,0.0431606007306183
3,10,2283,7391,0,511,0.308889189554864,0.0691381409822757
4,10,392,7391,0,311,0.0530374780138006,0.0420782032201326
5,10,166,7391,0,44,0.0224597483425788,0.00595318630767149
6,10,134,7391,0,24,0.0181301583006359,0.00324719253145718
7,10,149,7391,0,10,0.0201596536327966,0.00135299688810716
8,10,675,7391,0,620,0.0913272899472331,0.0838858070626438
9,10,222,7391,0,125,0.0300365309159789,0.0169124611013395
10,10,802,7391,0,696,0.108510350426194,0.0941685834122582
1,18,389,7103,0,95,0.0547655920033789,0.0133746304378432
2,18,311,7103,0,13,0.0437843164859918,0.00183021258623117
3,18,313,7103,0,26,0.0440658876531043,0.00366042517246234
4,18,3433,7103,0,1750,0.483316908348585,0.246374771223427
5,18,310,7103,0,36,0.0436435309024356,0.00506828100802478
6,18,408,7103,0,127,0.0574405180909475,0.017879769111643
7,18,477,7103,0,235,0.0671547233563283,0.0330846121357173
8,18,1658,7103,0,1379,0.233422497536252,0.19414331972406
9,18,310,7103,0,0,0.0436435309024356,0
10,18,346,7103,0,104,0.0487118119104604,0.0146417006898494
1,32,568,6952,0,369,0.0817031070195627,0.053078250863061
2,32,555,6952,0,165,0.0798331415420023,0.0237341772151899
3,32,348,6952,0,32,0.0500575373993095,0.0046029919447641
4,32,808,6952,0,275,0.116225546605293,0.0395569620253165
5,32,467,6952,0,227,0.067174913693901,0.0326524741081703
6,32,830,6952,0,649,0.119390103567319,0.0933544303797468
7,32,912,6952,0,374,0.131185270425777,0.0537974683544304
8,32,391,6952,0,74,0.0562428078250863,0.010644418872267
9,32,2577,6952,0,1202,0.370684695051784,0.172899884925201
10,32,637,6952,0,211,0.0916283084004603,0.0303509781357883
1,1,4300,7495,0,48,0.57371581054036,0.00640426951300867
2,1,104,7495,0,35,0.0138759172781855,0.00466977985323549
3,1,600,7495,0,316,0.0800533689126084,0.0421614409606404
4,1,2039,7495,0,248,0.272048032021348,0.0330887258172115
5,1,185,7495,0,112,0.0246831220813876,0.0149432955303536
6,1,142,7495,0,87,0.018945963975984,0.0116077384923282
7,1,122,7495,0,44,0.0162775183455637,0.00587058038692462
8,1,6562,7495,0,43,0.875517011340894,0.0057371581054036
9,1,103,7495,0,50,0.0137424949966644,0.0066711140760507
10,1,3473,7495,0,75,0.463375583722482,0.0100066711140761
1,2,2336,7459,0,546,0.31317871028288,0.0732001608794745
2,2,104,7459,0,55,0.0139428877865666,0.00737364257943424
3,2,120,7459,0,65,0.0160879474460383,0.0087143048666041
4,2,385,7459,0,336,0.0516154980560397,0.0450462528489074
5,2,402,7459,0,336,0.0538946239442284,0.0450462528489074
6,2,4613,7459,0,570,0.618447513071457,0.0764177503686821
7,2,1132,7459,0,182,0.151762970907628,0.0244000536264915
8,2,185,7459,0,141,0.0248022523126424,0.0189033382490951
9,2,106,7459,0,76,0.0142110202440005,0.010189033382491
10,2,925,7459,0,870,0.124011261563212,0.116637618983778
1,1,803,7663,0,759,0.104789247031189,0.0990473704815346
2,1,60,7663,0,16,0.00782983165861934,0.00208795510896516
3,1,214,7663,0,176,0.027926399582409,0.0229675061986167
4,1,88,7663,0,58,0.0114837530993084,0.0075688372699987
5,1,4128,7663,0,130,0.538692418113011,0.0169646352603419
6,1,800,7663,0,748,0.104397755448258,0.0976119013441211
7,1,138,7663,0,90,0.0180086128148245,0.011744747487929
8,1,69,7663,0,41,0.00900430640741224,0.00535038496672322
9,1,178,7663,0,144,0.0232285005872374,0.0187915959806864
10,1,2047,7663,0,41,0.26712775675323,0.00535038496672322
1,2,43,7617,0,10,0.00564526716555074,0.00131285282919785
2,2,44,7617,0,12,0.00577655244847053,0.00157542339503742
3,2,416,7617,0,387,0.0546146776946304,0.0508074044899567
4,2,42,7617,0,29,0.00551398188263096,0.00380727320467376
5,2,1796,7617,0,461,0.235788368123933,0.0605225154260207
6,2,114,7617,0,89,0.0149665222528555,0.0116843901798608
7,2,37,7617,0,15,0.00485755546803203,0.00196927924379677
8,2,1997,7617,0,1252,0.26217670999081,0.16436917421557
9,2,73,7617,0,43,0.00958382565314428,0.00564526716555074
10,2,148,7617,0,131,0.0194302218721281,0.0171983720624918
1,7,146,7300,0,62,0.02,0.00849315068493151
2,7,211,7300,0,132,0.0289041095890411,0.0180821917808219
3,7,186,7300,0,94,0.0254794520547945,0.0128767123287671
4,7,302,7300,0,184,0.0413698630136986,0.0252054794520548
5,7,242,7300,0,148,0.0331506849315069,0.0202739726027397
6,7,545,7300,0,504,0.0746575342465753,0.069041095890411
7,7,422,7300,0,273,0.0578082191780822,0.0373972602739726
8,7,172,7300,0,82,0.0235616438356164,0.0112328767123288
9,7,3802,7300,0,362,0.520821917808219,0.0495890410958904
10,7,409,7300,0,360,0.056027397260274,0.0493150684931507
1,1,1596,7553,0,1562,0.211306765523633,0.206805242949821
2,1,86,7553,0,40,0.0113862041572885,0.00529590891036674
3,1,193,7553,0,153,0.0255527604925195,0.0202568515821528
4,1,633,7553,0,485,0.0838077585065537,0.0642128955381967
5,1,62,7553,0,30,0.00820865881106845,0.00397193168277506
6,1,64,7553,0,40,0.00847345425658679,0.00529590891036674
7,1,1125,7553,0,264,0.148947438104065,0.0349529988084205
8,1,1306,7553,0,358,0.172911425923474,0.0473983847477823
9,1,394,7553,0,259,0.0521647027671124,0.0342910101946247
10,1,2374,7553,0,49,0.314312193830266,0.00648748841519926
1,2,152,7365,0,96,0.0206381534283775,0.0130346232179226
2,2,62,7365,0,4,0.00841819416157502,0.000543109300746775
3,2,623,7365,0,584,0.0845892735913103,0.0792939579090292
4,2,1322,7365,0,325,0.179497623896809,0.0441276306856755
5,2,566,7365,0,531,0.0768499660556687,0.0720977596741344
6,2,1225,7365,0,14,0.1663272233537,0.00190088255261371
7,2,539,7365,0,245,0.073183978275628,0.03326544467074
8,2,1878,7365,0,232,0.254989816700611,0.031500339443313
9,2,1263,7365,0,139,0.171486761710794,0.0188730482009504
10,2,94,7365,0,59,0.0127630685675492,0.00801086218601493
1,4,463,7316,0,73,0.0632859486057955,0.00997813012575178
2,4,287,7316,0,261,0.0392290869327501,0.0356752323674139
3,4,390,7316,0,0,0.0533078184800437,0
4,4,578,7316,0,173,0.0790049207217059,0.0236468015308912
5,4,1279,7316,0,796,0.174822307271733,0.10880262438491
6,4,865,7316,0,829,0.118234007654456,0.113313285948606
7,4,490,7316,0,100,0.0669764898851832,0.0136686714051394
8,4,84,7316,0,3,0.0114816839803171,0.000410060142154183
9,4,358,7316,0,141,0.0489338436303991,0.0192728266812466
10,4,611,7316,0,226,0.0835155822854019,0.0308911973756151
1,2,1712,7570,0,115,0.226155878467635,0.0151915455746367
2,2,96,7570,0,36,0.0126816380449141,0.0047556142668428
3,2,2165,7570,0,302,0.285997357992074,0.039894319682959
4,2,291,7570,0,75,0.038441215323646,0.00990752972258917
5,2,371,7570,0,297,0.0490092470277411,0.0392338177014531
6,2,3695,7570,0,305,0.488110964332893,0.0402906208718626
7,2,384,7570,0,249,0.0507265521796565,0.032892998678996
8,2,117,7570,0,78,0.0154557463672391,0.0103038309114927
9,2,192,7570,0,119,0.0253632760898283,0.0157199471598415
10,2,2552,7570,0,89,0.337120211360634,0.0117569352708058
1,4,912,7285,0,105,0.125188743994509,0.0144131777625257
2,4,759,7285,0,15,0.104186684969115,0.00205902539464653
3,4,204,7285,0,92,0.0280027453671929,0.0126286890871654
4,4,2048,7285,0,394,0.281125600549073,0.0540837336993823
5,4,1322,7285,0,1027,0.181468771448181,0.140974605353466
6,4,351,7285,0,226,0.0481811942347289,0.0310226492793411
7,4,3061,7285,0,558,0.420178448867536,0.0765957446808511
8,4,616,7285,0,531,0.084557309540151,0.0728894989704873
9,4,437,7285,0,112,0.0599862731640357,0.0153740562800275
10,4,130,7285,0,16,0.0178448867536033,0.00219629375428964
1,2,2840,7487,0,810,0.379324161880593,0.108187525043409
2,2,178,7487,0,141,0.0237745425404034,0.018832643248297
3,2,127,7487,0,80,0.0169627354080406,0.0106851876586083
4,2,3290,7487,0,708,0.439428342460264,0.094563910778683
5,2,2123,7487,0,130,0.283558167490317,0.0173634299452384
6,2,313,7487,0,265,0.0418057967143048,0.0353946841191398
7,2,199,7487,0,146,0.026579404300788,0.0195004674769601
8,2,58,7487,0,28,0.00774676105249098,0.00373981568051289
9,2,582,7487,0,542,0.0777347402163751,0.0723921463870709
10,2,120,7487,0,86,0.0160277814879124,0.0114865767330039
1,2,724,7609,0,706,0.0951504796950979,0.0927848600341701
2,2,199,7609,0,187,0.0261532395847023,0.0245761598107504
3,2,125,7609,0,112,0.0164279143119989,0.0147194112235511
4,2,673,7609,0,274,0.0884478906558023,0.0360099881719017
5,2,25,7609,0,12,0.00328558286239979,0.0015770797739519
6,2,136,7609,0,115,0.0178735707714549,0.015113681167039
7,2,1394,7609,0,64,0.183204100407412,0.00841109212774346
8,2,277,7609,0,170,0.0364042581153897,0.0223419634643186
9,2,196,7609,0,182,0.0257589696412144,0.0239190432382705
10,2,80,7609,0,60,0.0105138651596793,0.0078853988697595
1,6,684,7471,0,365,0.0915540088341587,0.048855574889573
2,6,367,7471,0,304,0.0491232766697899,0.0406906705929594
3,6,231,7471,0,164,0.0309195556150448,0.0219515459777808
4,6,101,7471,0,5,0.0135189399009503,0.000669254450542096
5,6,2917,7471,0,1121,0.390443046446259,0.150046847811538
6,6,294,7471,0,232,0.0393521616918752,0.0310534065051533
7,6,129,7471,0,49,0.0172667648239861,0.00655869361531254
8,6,195,7471,0,139,0.0261009235711417,0.0186052737250703
9,6,2709,7471,0,522,0.362602061303708,0.0698701646365948
10,6,2581,7471,0,170,0.34546914736983,0.0227546513184313
1,3,78,7433,0,0,0.0104937441140858,0
2,3,80,7433,0,13,0.0107628144759855,0.00174895735234764
3,3,167,7433,0,107,0.0224673752186197,0.0143952643616306
4,3,1665,7433,0,96,0.224001076281448,0.0129153773711826
5,3,497,7433,0,277,0.0668639849320597,0.0372662451230997
6,3,110,7433,0,60,0.01479886990448,0.0080721108569891
7,3,183,7433,0,131,0.0246199381138168,0.0176241087044262
8,3,631,7433,0,331,0.0848916991793354,0.0445311448943899
9,3,875,7433,0,258,0.117718283331091,0.0347100766850531
10,3,85,7433,0,27,0.0114354903807346,0.0036324498856451
1,17,398,7103,0,183,0.0560326622553851,0.0257637617907926
2,17,552,7103,0,364,0.0777136421230466,0.0512459524144728
3,17,440,7103,0,38,0.0619456567647473,0.00534985217513727
4,17,1323,7103,0,136,0.186259327044911,0.0191468393636492
5,17,303,7103,0,66,0.0426580318175419,0.00929184851471209
6,17,683,7103,0,110,0.0961565535689145,0.0154864141911868
7,17,752,7103,0,490,0.105870758834295,0.0689849359425595
8,17,271,7103,0,86,0.0381528931437421,0.012107560185837
9,17,404,7103,0,233,0.0568773757567225,0.0328030409686048
10,17,364,7103,0,227,0.0512459524144728,0.0319583274672674
1,13,245,7139,0,34,0.0343185320072839,0.00476257178876593
2,13,2007,7139,0,694,0.281131811178036,0.0972124947471635
3,13,212,7139,0,0,0.0296960358593641,0
4,13,256,7139,0,74,0.0358593640565906,0.0103655974226082
5,13,747,7139,0,373,0.104636503712004,0.0522482140355792
6,13,212,7139,0,11,0.0296960358593641,0.00154083204930663
7,13,467,7139,0,347,0.0654153242751086,0.0486062473735817
8,13,361,7139,0,38,0.0505673063454265,0.00532287435215016
9,13,1270,7139,0,356,0.177896063874492,0.0498669281411962
10,13,248,7139,0,49,0.0347387589298221,0.00686370640145679
1,6,744,7132,0,145,0.104318564217611,0.0203309029725182
2,6,674,7132,0,191,0.0945036455412227,0.0267807066741447
3,6,720,7132,0,346,0.100953449242849,0.0485137408861469
4,6,2332,7132,0,1830,0.326977005047672,0.256590016825575
5,6,1033,7132,0,682,0.144840157038699,0.0956253505328099
6,6,1203,7132,0,32,0.168676388109927,0.00448681996634885
7,6,837,7132,0,451,0.117358384744812,0.0632361189007291
8,6,547,7132,0,237,0.0766965787997757,0.0332305103757712
9,6,1463,7132,0,147,0.205131800336511,0.020611329220415
10,6,941,7132,0,118,0.131940549635446,0.0165451486259114
1,3,2320,7397,0,736,0.313640665134514,0.0994997972150872
2,3,218,7397,0,157,0.0294714073272948,0.021224820873327
3,3,162,7397,0,74,0.0219007705826686,0.010004055698256
4,3,483,7397,0,195,0.065296741922401,0.0263620386643234
5,3,85,7397,0,51,0.0114911450588076,0.00689468703528457
6,3,142,7397,0,87,0.0191969717453022,0.0117615249425443
7,3,101,7397,0,68,0.0136541841287008,0.0091929160470461
8,3,2260,7397,0,519,0.305529268622414,0.0701635798296607
9,3,194,7397,0,144,0.026226848722455,0.0194673516290388
10,3,86,7397,0,23,0.011626335000676,0.00310936866297147
1,3,5300,7332,0,215,0.722858701582106,0.0293235133660666
2,3,91,7332,0,45,0.0124113475177305,0.00613747954173486
3,3,152,7332,0,69,0.0207310420076378,0.00941080196399345
4,3,202,7332,0,150,0.0275504637206765,0.0204582651391162
5,3,1514,7332,0,215,0.206492089470813,0.0293235133660666
6,3,585,7332,0,60,0.0797872340425532,0.00818330605564648
7,3,126,7332,0,55,0.0171849427168576,0.00750136388434261
8,3,175,7332,0,100,0.0238679759956356,0.0136388434260775
9,3,86,7332,0,4,0.0117294053464266,0.000545553737043099
10,3,250,7332,0,173,0.0340971085651937,0.023595199127114
1,2,98,7574,0,52,0.0129390018484288,0.00686559281753367
2,2,298,7574,0,184,0.0393451280697122,0.0242936361235807
3,2,68,7574,0,0,0.00897808291523633,0
4,2,499,7574,0,464,0.0658832849221019,0.0612622128333773
5,2,639,7574,0,114,0.0843675732770003,0.0150514919461315
6,2,74,7574,0,14,0.00977026670187484,0.00184842883548983
7,2,793,7574,0,429,0.104700290467388,0.0566411407446528
8,2,357,7574,0,296,0.0471349353049908,0.0390810668074993
9,2,108,7574,0,53,0.014259308159493,0.00699762344864008
10,2,3728,7574,0,441,0.492210192764721,0.0582255083179298
1,19,225,6859,0,30,0.032803615687418,0.00437381542498907
2,19,1315,6859,0,83,0.191718909462021,0.0121008893424697
3,19,874,6859,0,447,0.127423822714681,0.0651698498323371
4,19,326,6859,0,210,0.0475287942848812,0.0306167079749235
5,19,463,6859,0,323,0.0675025513923312,0.0470914127423823
6,19,329,6859,0,156,0.0479661758273801,0.0227438402099431
7,19,1418,6859,0,142,0.206735675754483,0.0207027263449482
8,19,2555,6859,0,958,0.372503280361569,0.139670505904651
9,19,1228,6859,0,61,0.179034844729552,0.00889342469747777
10,19,303,6859,0,181,0.0441755357923896,0.026388686397434
1,25,597,6749,0,164,0.088457549266558,0.0242998962809305
2,25,469,6749,0,26,0.0694917765594903,0.00385242258112313
3,25,682,6749,0,418,0.101052007704845,0.061935101496518
4,25,871,6749,0,486,0.129056156467625,0.0720106682471477
5,25,608,6749,0,343,0.0900874203585716,0.0508223440509705
6,25,504,6749,0,107,0.0746777300340791,0.0158542006223144
7,25,773,6749,0,149,0.114535486738776,0.022077344791821
8,25,906,6749,0,469,0.134242109942214,0.0694917765594903
9,25,460,6749,0,48,0.0681582456660246,0.00711216476515039
10,25,847,6749,0,573,0.12550007408505,0.0849014668839828
1,3,796,7339,0,293,0.108461643275651,0.0399236953263387
2,3,262,7339,0,135,0.0356996866058046,0.018394876686197
3,3,130,7339,0,17,0.0177135849570786,0.00231639187900259
4,3,293,7339,0,223,0.0399236953263387,0.030385611118681
5,3,3545,7339,0,176,0.483035835944952,0.023981468864968
6,3,514,7339,0,390,0.0700367897533724,0.0531407548712359
7,3,1984,7339,0,540,0.270336558114184,0.0735795067447881
8,3,454,7339,0,393,0.0618612890039515,0.0535495299087069
9,3,2314,7339,0,9,0.315301812235999,0.00122632511241314
10,3,1415,7339,0,235,0.19280555934051,0.0320207112685652
1,3,2242,7459,0,125,0.300576484783483,0.0167582785896233
2,3,189,7459,0,129,0.0253385172275104,0.0172945435044912
3,3,225,7459,0,182,0.0301649014613219,0.0244000536264915
4,3,93,7459,0,65,0.0124681592706797,0.0087143048666041
5,3,275,7459,0,213,0.0368682128971712,0.0285561067167181
6,3,285,7459,0,240,0.0382088751843411,0.0321758948920767
7,3,363,7459,0,301,0.048666041024266,0.0403539348438128
8,3,79,7459,0,29,0.0105912320686419,0.0038879206327926
9,3,2274,7459,0,499,0.304866604102427,0.0668990481297761
10,3,213,7459,0,189,0.0285561067167181,0.0253385172275104
1,1,1218,7552,0,120,0.161281779661017,0.0158898305084746
2,1,52,7552,0,1,0.00688559322033898,0.000132415254237288
3,1,3236,7552,0,311,0.428495762711864,0.0411811440677966
4,1,1234,7552,0,26,0.163400423728814,0.00344279661016949
5,1,201,7552,0,155,0.0266154661016949,0.0205243644067797
6,1,220,7552,0,183,0.0291313559322034,0.0242319915254237
7,1,283,7552,0,255,0.0374735169491525,0.0337658898305085
8,1,1309,7552,0,449,0.17333156779661,0.0594544491525424
9,1,52,7552,0,11,0.00688559322033898,0.00145656779661017
10,1,1730,7552,0,133,0.229078389830508,0.0176112288135593
1,19,852,7202,0,546,0.118300472091086,0.075812274368231
2,19,291,7202,0,140,0.0404054429325187,0.0194390447098028
3,19,377,7202,0,301,0.0523465703971119,0.0417939461260761
4,19,368,7202,0,237,0.0510969175229103,0.0329075256873091
5,19,204,7202,0,45,0.0283254651485698,0.00624826437100805
6,19,1052,7202,0,531,0.146070535962233,0.073729519577895
7,19,644,7202,0,486,0.089419605665093,0.067481255206887
8,19,574,7202,0,243,0.0797000833101916,0.0337406276034435
9,19,196,7202,0,7,0.027214662593724,0.000971952235490142
10,19,218,7202,0,43,0.0302693696195501,0.00597056373229658
1,30,1822,6664,0,973,0.273409363745498,0.146008403361345
2,30,918,6664,0,494,0.137755102040816,0.0741296518607443
3,30,647,6664,0,292,0.0970888355342137,0.0438175270108043
4,30,1105,6664,0,498,0.165816326530612,0.0747298919567827
5,30,1269,6664,0,226,0.190426170468187,0.0339135654261705
6,30,485,6664,0,67,0.0727791116446579,0.0100540216086435
7,30,959,6664,0,542,0.14390756302521,0.0813325330132053
8,30,515,6664,0,186,0.077280912364946,0.0279111644657863
9,30,1601,6664,0,763,0.240246098439376,0.114495798319328
10,30,896,6664,0,583,0.134453781512605,0.087484993997599
1,15,214,7348,0,16,0.0291235710397387,0.00217746325530757
2,15,214,7348,0,0,0.0291235710397387,0
3,15,260,7348,0,135,0.035383777898748,0.0183723462166576
4,15,662,7348,0,311,0.0900925421883506,0.0423244420250408
5,15,1199,7348,0,859,0.163173652694611,0.116902558519325
6,15,558,7348,0,124,0.0759390310288514,0.0168753402286336
7,15,229,7348,0,29,0.0311649428415895,0.00394665215024496
8,15,310,7348,0,120,0.0421883505715841,0.0163309744148067
9,15,479,7348,0,340,0.0651878062057703,0.0462710941752858
10,15,462,7348,0,377,0.062874251497006,0.0513064779531845
1,18,270,7193,0,10,0.0375364938134297,0.00139024051160851
2,18,272,7193,0,22,0.0378145419157514,0.00305852912553872
3,18,394,7193,0,161,0.0547754761573752,0.022382872236897
4,18,362,7193,0,94,0.050326706520228,0.01306826080912
5,18,359,7193,0,111,0.0499096343667454,0.0154316696788544
6,18,679,7193,0,498,0.0943973307382177,0.0692339774781037
7,18,535,7193,0,463,0.0743778673710552,0.0643681356874739
8,18,524,7193,0,319,0.0728486028082858,0.0443486723203114
9,18,450,7193,0,231,0.0625608230223829,0.0321145558181565
10,18,349,7193,0,173,0.0485193938551369,0.0240511608508272
1,1,180,7648,0,157,0.0235355648535565,0.0205282426778243
2,1,1052,7648,0,160,0.13755230125523,0.0209205020920502
3,1,750,7648,0,126,0.0980648535564854,0.0164748953974895
4,1,1552,7648,0,200,0.202928870292887,0.0261506276150628
5,1,62,7648,0,27,0.00810669456066946,0.00353033472803347
6,1,84,7648,0,50,0.0109832635983264,0.00653765690376569
7,1,1349,7648,0,914,0.176385983263598,0.119508368200837
8,1,108,7648,0,77,0.0141213389121339,0.0100679916317992
9,1,836,7648,0,79,0.109309623430962,0.0103294979079498
10,1,1556,7648,0,82,0.203451882845188,0.0107217573221757
1,3,137,7536,0,91,0.0181794055201699,0.0120753715498938
2,3,3490,7536,0,151,0.463110403397028,0.0200371549893843
3,3,520,7536,0,281,0.0690021231422505,0.0372876857749469
4,3,210,7536,0,184,0.0278662420382166,0.024416135881104
5,3,61,7536,0,12,0.00809447983014862,0.00159235668789809
6,3,77,7536,0,34,0.0102176220806794,0.00451167728237792
7,3,3411,7536,0,1433,0.452627388535032,0.190153927813163
8,3,633,7536,0,385,0.0839968152866242,0.051088110403397
9,3,1228,7536,0,181,0.162951167728238,0.0240180467091295
10,3,98,7536,0,39,0.0130042462845011,0.00517515923566879
1,1,3036,7496,0,220,0.405016008537887,0.0293489861259338
2,1,267,7496,0,71,0.0356189967982924,0.00947171824973319
3,1,530,7496,0,88,0.0707043756670224,0.0117395944503735
4,1,3257,7496,0,371,0.434498399146211,0.0494930629669157
5,1,317,7496,0,284,0.0422892209178228,0.0378868729989328
6,1,48,7496,0,14,0.0064034151547492,0.00186766275346852
7,1,217,7496,0,195,0.028948772678762,0.0260138740661686
8,1,4575,7496,0,183,0.610325506937033,0.0244130202774813
9,1,1045,7496,0,172,0.139407684098186,0.0229455709711846
10,1,44,7496,0,10,0.00586979722518677,0.00133404482390608
1,26,1344,6861,0,1137,0.195889811980761,0.165719282903367
2,26,586,6861,0,366,0.0854102900451829,0.0533449934411893
3,26,433,6861,0,303,0.0631103337705874,0.0441626585045912
4,26,318,6861,0,32,0.0463489287275907,0.00466404314239907
5,26,792,6861,0,563,0.115435067774377,0.0820580090365836
6,26,649,6861,0,84,0.0945926249817811,0.0122431132487976
7,26,412,6861,0,150,0.060049555458388,0.0218627022299956
8,26,1249,6861,0,125,0.182043433901764,0.0182189185249964
9,26,746,6861,0,522,0.108730505757178,0.0760822037603848
10,26,746,6861,0,498,0.108730505757178,0.0725841714035855
1,45,673,6114,0,194,0.110075237160615,0.0317304546941446
2,45,536,6114,0,24,0.0876676480209356,0.00392541707556428
3,45,877,6114,0,535,0.143441282302911,0.0875040889761204
4,45,761,6114,0,264,0.124468433104351,0.0431795878312071
5,45,776,6114,0,352,0.126921818776578,0.0575727837749428
6,45,619,6114,0,185,0.101243048740595,0.030258423290808
7,45,536,6114,0,92,0.0876676480209356,0.0150474321229964
8,45,1081,6114,0,680,0.176807327445208,0.111220150474321
9,45,818,6114,0,374,0.133791298658816,0.0611710827608767
10,45,981,6114,0,840,0.16045142296369,0.13738959764475
1,2,2341,7592,0,493,0.308350895679663,0.0649367755532139
2,2,269,7592,0,217,0.035432033719705,0.0285827186512118
3,2,693,7592,0,269,0.0912802950474183,0.035432033719705
4,2,3304,7592,0,844,0.435194942044257,0.111169652265543
5,2,61,7592,0,17,0.00803477344573235,0.00223919915700738
6,2,680,7592,0,631,0.089567966280295,0.083113804004215
7,2,63,7592,0,37,0.00829820864067439,0.00487355110642782
8,2,2003,7592,0,585,0.263830347734457,0.0770547945205479
9,2,320,7592,0,76,0.0421496311907271,0.0100105374077977
10,2,189,7592,0,156,0.0248946259220232,0.0205479452054795
1,2,88,7490,0,53,0.0117489986648865,0.00707610146862483
2,2,178,7490,0,111,0.0237650200267023,0.0148197596795728
3,2,1574,7490,0,316,0.210146862483311,0.0421895861148198
4,2,3140,7490,0,156,0.419225634178905,0.0208277703604806
5,2,647,7490,0,579,0.0863818424566088,0.0773030707610147
6,2,124,7490,0,76,0.0165554072096128,0.0101468624833111
7,2,115,7490,0,62,0.0153538050734312,0.00827770360480641
8,2,2241,7490,0,861,0.299198931909212,0.114953271028037
9,2,1370,7490,0,441,0.182910547396529,0.0588785046728972
10,2,168,7490,0,119,0.0224299065420561,0.0158878504672897
1,12,230,7264,0,46,0.0316629955947137,0.00633259911894273
2,12,729,7264,0,598,0.100357929515418,0.0823237885462555
3,12,267,7264,0,74,0.0367566079295154,0.0101872246696035
4,12,577,7264,0,183,0.0794328193832599,0.025192731277533
5,12,569,7264,0,348,0.0783314977973568,0.0479074889867841
6,12,695,7264,0,493,0.0956773127753304,0.0678689427312775
7,12,237,7264,0,79,0.0326266519823789,0.010875550660793
8,12,1076,7264,0,136,0.148127753303965,0.0187224669603524
9,12,1129,7264,0,950,0.155424008810573,0.130781938325991
10,12,380,7264,0,293,0.0523127753303965,0.0403359030837004
1,1,281,7608,0,87,0.0369348054679285,0.0114353312302839
2,1,163,7608,0,131,0.0214248159831756,0.0172187171398528
3,1,600,7608,0,253,0.0788643533123028,0.033254468980021
4,1,67,7608,0,9,0.00880651945320715,0.00118296529968454
5,1,89,7608,0,26,0.0116982124079916,0.00341745531019979
6,1,84,7608,0,29,0.0110410094637224,0.0038117770767613
7,1,402,7608,0,364,0.0528391167192429,0.0478443743427971
8,1,1644,7608,0,214,0.21608832807571,0.0281282860147213
9,1,812,7608,0,207,0.106729758149317,0.0272082018927445
10,1,133,7608,0,94,0.0174815983175605,0.0123554153522608
1,1,1685,7635,0,913,0.220694171578258,0.119580877537656
2,1,2030,7635,0,187,0.265880812049771,0.0244924688932547
3,1,146,7635,0,106,0.0191224623444663,0.0138834315651604
4,1,199,7635,0,163,0.0260641781270465,0.0213490504256712
5,1,2840,7635,0,238,0.371971185330714,0.0311722331368697
6,1,829,7635,0,275,0.108578912901113,0.0360183366077276
7,1,136,7635,0,110,0.0178127046496398,0.014407334643091
8,1,52,7635,0,4,0.00681074001309758,0.000523903077930583
9,1,2865,7635,0,407,0.37524557956778,0.0533071381794368
10,1,1506,7635,0,150,0.197249508840864,0.0196463654223969
1,14,1099,7190,0,1025,0.152851182197497,0.142559109874826
2,14,168,7190,0,52,0.02336578581363,0.00723226703755216
3,14,855,7190,0,719,0.118915159944367,0.1
4,14,364,7190,0,230,0.0506258692628651,0.0319888734353268
5,14,166,7190,0,0,0.0230876216968011,0
6,14,365,7190,0,93,0.0507649513212796,0.0129346314325452
7,14,318,7190,0,194,0.0442280945757997,0.0269819193324061
8,14,2260,7190,0,665,0.31432545201669,0.0924895688456189
9,14,420,7190,0,269,0.0584144645340751,0.037413073713491
10,14,1120,7190,0,834,0.1557719054242,0.115994436717663
1,3,829,7491,0,88,0.110666132692564,0.0117474302496329
2,3,1844,7491,0,527,0.246162061140035,0.0703510879722333
3,3,111,7491,0,45,0.0148177813376051,0.00600720865038046
4,3,2301,7491,0,1716,0.307168602322787,0.229074889867841
5,3,110,7491,0,28,0.0146842878120411,0.00373781871579228
6,3,2134,7491,0,706,0.284875183553598,0.0942464290481912
7,3,2837,7491,0,1092,0.378721132025097,0.145774929915899
8,3,106,7491,0,34,0.0141503137097851,0.00453877986917635
9,3,180,7491,0,145,0.0240288346015218,0.0193565612067815
10,3,115,7491,0,60,0.0153517554398612,0.00800961153384061
1,1,5167,7529,0,159,0.686279718422101,0.0211183424093505
2,1,1218,7529,0,214,0.16177447204144,0.0284234294062957
3,1,68,7529,0,42,0.00903174392349582,0.00557843007039447
4,1,135,7529,0,111,0.0179306680834108,0.0147429937574711
5,1,258,7529,0,224,0.0342674990038518,0.0297516270421039
6,1,4050,7529,0,151,0.537920042502324,0.0200557843007039
7,1,1159,7529,0,1132,0.153938105990171,0.150351972373489
8,1,316,7529,0,278,0.0419710452915394,0.0369238942754682
9,1,62,7529,0,41,0.00823482534201089,0.00544561030681365
10,1,1588,7529,0,148,0.210917784566343,0.0196573250099615
1,7,182,7351,0,122,0.0247585362535709,0.0165963814447014
2,7,2597,7351,0,99,0.35328526731057,0.0134675554346347
3,7,1096,7351,0,680,0.14909536117535,0.0925044211671881
4,7,183,7351,0,136,0.0248945721670521,0.0185008842334376
5,7,227,7351,0,180,0.0308801523602231,0.0244864644266086
6,7,956,7351,0,890,0.130050333287988,0.121071962998232
7,7,154,7351,0,92,0.0209495306760985,0.0125153040402666
8,7,798,7351,0,124,0.108556658957965,0.0168684532716637
9,7,236,7351,0,157,0.0321044755815535,0.021357638416542
10,7,247,7351,0,211,0.0336008706298463,0.0287035777445246
1,1,179,7624,0,105,0.0234784889821616,0.0137722980062959
2,1,1282,7624,0,215,0.168153200419727,0.0282004197271773
3,1,3517,7624,0,87,0.461306400839454,0.011411332633788
4,1,204,7624,0,153,0.0267576075550892,0.0200682056663169
5,1,2542,7624,0,1117,0.333420776495278,0.146511017838405
6,1,170,7624,0,92,0.0222980062959077,0.0120671563483736
7,1,1722,7624,0,663,0.225865687303253,0.0869622245540399
8,1,1242,7624,0,156,0.162906610703043,0.0204616998950682
9,1,3596,7624,0,193,0.471668415529906,0.025314795383001
10,1,565,7624,0,444,0.0741080797481637,0.0582371458551941
1,1,2482,7562,0,339,0.328220047606453,0.0448294102089394
2,1,1048,7562,0,1014,0.138587675218196,0.134091510182491
3,1,305,7562,0,272,0.0403332451732346,0.0359693202856387
4,1,1621,7562,0,29,0.214361280084634,0.00383496429516001
5,1,1524,7562,0,1039,0.201533985718064,0.137397513885216
6,1,1151,7562,0,978,0.15220841047342,0.129330864850569
7,1,168,7562,0,133,0.0222163448823063,0.0175879396984925
8,1,551,7562,0,31,0.0728643216080402,0.00409944459137794
9,1,50,7562,0,17,0.00661200740544829,0.00224808251785242
10,1,715,7562,0,45,0.0945517058979106,0.00595080666490347
1,3,420,7551,0,355,0.055621771950735,0.047013640577407
2,3,4026,7551,0,363,0.533174413984903,0.0480731029002781
3,3,143,7551,0,99,0.0189378890213217,0.0131108462455304
4,3,453,7551,0,53,0.0599920540325785,0.00701893788902132
5,3,889,7551,0,333,0.117732750629056,0.0441001191895113
6,3,332,7551,0,44,0.0439676863991524,0.00582704277579129
7,3,710,7551,0,104,0.0940272811548139,0.0137730101973249
8,3,229,7551,0,172,0.0303271089921865,0.0227784399417296
9,3,83,7551,0,34,0.0109919215997881,0.00450271487220236
10,3,767,7551,0,717,0.101575950205271,0.0949543106873262
1,13,1020,7247,0,349,0.140747895680971,0.0481578584241755
2,13,278,7247,0,151,0.0383607009797157,0.0208362080861046
3,13,252,7247,0,96,0.0347730095211812,0.0132468607699738
4,13,276,7247,0,164,0.0380847247136746,0.0226300538153719
5,13,1657,7247,0,1125,0.228646336415068,0.15523664964813
6,13,211,7247,0,67,0.0291154960673382,0.00924520491237754
7,13,280,7247,0,133,0.0386366772457569,0.0183524216917345
8,13,1753,7247,0,578,0.241893197185042,0.0797571408858838
9,13,547,7247,0,216,0.0754795087622464,0.029805436732441
10,13,903,7247,0,762,0.124603284117566,0.105146957361667
1,6,208,7157,0,152,0.0290624563364538,0.0212379488612547
2,6,185,7157,0,82,0.0258488193377113,0.0114573145172558
3,6,358,7157,0,261,0.0500209585021657,0.0364677937683387
4,6,1918,7157,0,485,0.267989381025569,0.0677658236691351
5,6,1370,7157,0,1292,0.191420986446835,0.180522565320665
6,6,127,7157,0,74,0.0177448651669694,0.0103395277350845
7,6,384,7157,0,290,0.0536537655442224,0.0405197708537097
8,6,157,7157,0,40,0.0219365656001118,0.0055889339108565
9,6,256,7157,0,163,0.0357691770294816,0.0227749056867403
10,6,318,7157,0,210,0.0444320245913092,0.0293419030319966
1,7,4132,7371,0,1018,0.560575227241894,0.138108804775471
2,7,2286,7371,0,418,0.31013431013431,0.05670872337539
3,7,2382,7371,0,138,0.323158323158323,0.0187220187220187
4,7,542,7371,0,232,0.0735314068647402,0.0314746981413648
5,7,230,7371,0,159,0.0312033645366979,0.0215710215710216
6,7,629,7371,0,313,0.085334418667752,0.0424637091303758
7,7,1934,7371,0,746,0.262379595712929,0.101207434540768
8,7,429,7371,0,128,0.0582010582010582,0.017365350698684
9,7,336,7371,0,31,0.0455840455840456,0.00420567087233754
10,7,352,7371,0,34,0.0477547144213811,0.00461267127933795
1,26,674,6981,0,456,0.0965477725254262,0.0653201547056296
2,26,1551,6981,0,1476,0.222174473571122,0.211431027073485
3,26,292,6981,0,32,0.0418278183641312,0.00458387050565822
4,26,380,6981,0,130,0.0544334622546913,0.0186219739292365
5,26,316,6981,0,60,0.0452657212433749,0.00859475719810915
6,26,682,6981,0,539,0.0976937401518407,0.0772095688296806
7,26,586,6981,0,331,0.0839421286348661,0.0474144105429022
8,26,324,6981,0,74,0.0464116888697894,0.0106002005443346
9,26,292,6981,0,32,0.0418278183641312,0.00458387050565822
10,26,3215,6981,0,906,0.460535739865349,0.129780833691448
1,1,193,7544,0,156,0.0255832449628844,0.02067868504772
2,1,4093,7544,0,902,0.542550371155885,0.119565217391304
3,1,64,7544,0,39,0.00848356309650053,0.00516967126193001
4,1,245,7544,0,215,0.0324761399787911,0.0284994697773065
5,1,657,7544,0,383,0.0870890774125133,0.0507688229056204
6,1,1616,7544,0,110,0.214209968186638,0.0145811240721103
7,1,1754,7544,0,5,0.232502651113468,0.000662778366914104
8,1,252,7544,0,204,0.0334040296924708,0.0270413573700954
9,1,122,7544,0,85,0.0161717921527041,0.0112672322375398
10,1,1213,7544,0,218,0.160790031813362,0.0288971367974549
1,1,1993,7619,0,514,0.261582884893031,0.0674629216432603
2,1,1442,7619,0,196,0.189263682898018,0.0257251607822549
3,1,97,7619,0,64,0.0127313295708098,0.00840005250032813
4,1,158,7619,0,140,0.0207376296101851,0.0183751148444678
5,1,1692,7619,0,508,0.222076387977425,0.0666754167213545
6,1,268,7619,0,243,0.035175219845124,0.0318939493371834
7,1,42,7619,0,6,0.00551253445334033,0.000787504921905762
8,1,186,7619,0,147,0.0244126525790786,0.0192938705866912
9,1,187,7619,0,163,0.0245439033993962,0.0213938837117732
10,1,274,7619,0,248,0.0359627247670298,0.0325502034387715
1,21,515,6936,0,426,0.0742502883506344,0.0614186851211073
2,21,344,6936,0,41,0.04959630911188,0.00591118800461361
3,21,369,6936,0,99,0.0532006920415225,0.0142733564013841
4,21,949,6936,0,676,0.136822376009227,0.0974625144175317
5,21,526,6936,0,233,0.075836216839677,0.0335928489042676
6,21,567,6936,0,84,0.0817474048442907,0.0121107266435986
7,21,935,6936,0,196,0.134803921568627,0.0282583621683968
8,21,684,6936,0,526,0.0986159169550173,0.075836216839677
9,21,322,6936,0,23,0.0464244521337947,0.00331603229527105
10,21,743,6936,0,468,0.107122260668973,0.0674740484429066
1,3,726,7342,0,200,0.0988831381095069,0.0272405339144647
2,3,228,7342,0,188,0.0310542086624898,0.0256061018795968
3,3,3537,7342,0,1644,0.481748842277309,0.2239171887769
4,3,482,7342,0,88,0.06564968673386,0.0119858349223645
5,3,82,7342,0,19,0.0111686189049305,0.00258785072187415
6,3,85,7342,0,18,0.0115772269136475,0.00245164805230183
7,3,113,7342,0,62,0.0153909016616726,0.00844456551348406
8,3,92,7342,0,29,0.0125306456006538,0.00394987741759738
9,3,74,7342,0,4,0.0100789975483519,0.000544810678289294
10,3,71,7342,0,8,0.00967038953963498,0.00108962135657859
1,3,3680,7562,0,72,0.486643745040994,0.00952129066384554
2,3,65,7562,0,45,0.00859560962708278,0.00595080666490347
3,3,130,7562,0,96,0.0171912192541656,0.0126950542184607
4,3,1595,7562,0,444,0.210923036233801,0.0587146257603809
5,3,245,7562,0,208,0.0323988362866966,0.0275059508066649
6,3,41,7562,0,4,0.0054218460724676,0.000528960592435864
7,3,3087,7562,0,332,0.408225337212378,0.0439037291721767
8,3,222,7562,0,187,0.0293573128801904,0.0247289076963766
9,3,1693,7562,0,858,0.223882570748479,0.113462047077493
10,3,114,7562,0,98,0.0150753768844221,0.0129595345146787
1,1,126,7555,0,107,0.0166776968894772,0.014162806088683
2,1,5728,7555,0,896,0.758173395102581,0.118596955658504
3,1,922,7555,0,892,0.122038385175381,0.1180675049636
4,1,149,7555,0,122,0.0197220383851754,0.0161482461945731
5,1,2481,7555,0,52,0.328391793514229,0.00688285903375248
6,1,2831,7555,0,14,0.374718729318332,0.00185307743216413
7,1,195,7555,0,162,0.0258107213765718,0.0214427531436135
8,1,49,7555,0,8,0.00648577101257445,0.00105890138980807
9,1,59,7555,0,26,0.00780939774983455,0.00344142951687624
10,1,668,7555,0,376,0.0884182660489742,0.0497683653209795
